id,name,kind,i_height,j_girth,t_h,t_g,height,skel_height,volume,mass,bmi_proxy,leg,hip_w,hip_h,b0,b1,b2,b3,b4,b5,b6,b7,b8,b9
0,p01,real,-1,-1,-1.21430,-0.19320,1.60019,1.43773,0.06259,62.58519,24.44145,0.74254,0.11482,0.87605,-1.27782,0.53777,-0.58897,0.08571,-2.07902,1.36068,0.12166,-0.61082,-0.55607,2.61292
1,p02,real,-1,-1,-0.15970,-0.77310,1.70534,1.53952,0.06370,63.70480,21.90524,0.77758,0.10872,0.92110,-0.41051,-0.87834,0.19942,0.75038,-2.41966,-1.48004,-0.64053,0.05334,-0.72706,3.44170
2,p03,real,-1,-1,-0.70179,-0.64798,1.65129,1.49062,0.06080,60.80294,22.29857,0.73317,0.11563,0.87171,-0.99947,-1.24007,1.57350,0.39219,-3.17584,-0.98755,-0.19023,-0.56942,0.77468,0.70619
3,p04,real,-1,-1,-5.16670,-1.05705,1.20712,1.06243,0.02856,28.56081,19.60048,0.54277,0.08918,0.64122,-5.17138,0.87308,-0.81286,-1.46619,-1.99275,0.31138,-0.34208,-0.57084,-4.02578,1.21578
4,p05,real,-1,-1,0.80276,0.61874,1.80101,1.63177,0.09426,94.25520,29.05840,0.82925,0.13066,0.98191,0.56114,-0.35980,1.41461,2.00840,-2.31469,0.02253,-0.55750,0.94881,-0.97863,1.11391
5,p06,real,-1,-1,0.08509,0.91549,1.72956,1.55877,0.09143,91.42728,30.56354,0.73963,0.12405,0.88473,0.12691,0.18470,2.39906,-0.46661,-2.40156,-2.83636,0.87397,-0.80659,-0.37149,1.43408
6,p07,real,-1,-1,0.54991,-0.38524,1.77606,1.60776,0.07544,75.43688,23.91502,0.77984,0.11652,0.92843,0.42405,-0.96290,1.71452,-0.69512,-2.04868,-1.58719,0.50281,0.23035,0.80279,0.45918
7,p08,real,-1,-1,0.61266,1.00666,1.78209,1.61132,0.09882,98.82296,31.11719,0.79256,0.12827,0.94185,0.68013,0.46467,1.53363,0.38088,-2.67066,-1.71152,0.15037,-1.27725,-0.32321,-0.23515
8,p09,real,-1,-1,-0.94585,-0.70718,1.62701,1.46220,0.05821,58.21031,21.98971,0.71558,0.10509,0.84936,-1.27444,-0.95080,1.95366,-1.38726,-2.42186,-0.29626,-0.30343,-1.56474,-2.34487,2.44223
9,p10,real,-1,-1,-1.32535,-0.11841,1.58914,1.42788,0.06270,62.70016,24.82826,0.70091,0.12155,0.83283,-1.50341,-0.72980,1.38917,-0.17488,-0.16686,-0.72652,1.70580,-0.51822,-0.84460,0.81748
10,p11,real,-1,-1,-0.86201,-0.01658,1.63527,1.47281,0.06821,68.20938,25.50743,0.74721,0.12412,0.88360,-1.11592,-0.56381,0.80609,1.03378,-1.58860,0.16493,0.74472,-1.45199,-0.93870,1.19474
11,p12,real,-1,-1,1.89890,-0.32134,1.91033,1.73581,0.08985,89.84686,24.61977,0.88293,0.12532,1.04277,1.51220,-1.34969,1.19110,0.92632,-2.39427,0.78586,0.71629,-0.83914,-0.20571,2.06994
12,p13,real,-1,-1,-5.96369,-1.33412,1.12804,0.98800,0.02297,22.96618,18.04832,0.47828,0.08251,0.57171,-5.95236,0.61758,-0.03804,-1.80665,-3.17257,-1.21022,-0.34789,1.11594,-3.06322,1.31046
13,p14,real,-1,-1,-0.44957,0.17917,1.67633,1.50851,0.07438,74.37758,26.46809,0.73741,0.12312,0.87580,-0.53648,-0.28249,1.46464,-1.09805,-0.21465,-0.19299,1.69801,-1.31870,-0.40223,1.47395
14,p15,real,-1,-1,0.97605,0.35675,1.81827,1.64654,0.09153,91.53378,27.68640,0.85019,0.12947,1.00351,0.78148,-0.36978,-0.06087,2.27464,-1.12632,-0.73150,-0.27589,-0.80711,-0.42600,2.85505
15,b15,real,-1,-1,0.98514,0.10279,1.81917,1.64694,0.08741,87.40897,26.41247,0.81767,0.12035,0.97142,0.75043,-0.82929,1.38444,1.20073,-2.44282,-2.25056,-0.32631,-0.09529,-0.80324,3.08713
16,p16,real,-1,-1,0.87621,1.32895,1.80833,1.63487,0.10757,107.56656,32.89454,0.79523,0.13834,0.94615,0.92998,0.26735,2.13461,-0.06416,-0.87382,-0.94932,2.04267,-1.14524,0.05579,-0.23492
17,p17,real,-1,-1,0.25269,-0.25895,1.74625,1.57626,0.07459,74.59199,24.46136,0.79962,0.11417,0.94476,-0.09001,-0.79899,1.09799,0.38507,-1.52903,-0.17517,-1.06164,-0.90308,-2.62262,3.19601
18,p18,real,-1,-1,0.35649,-0.80148,1.75687,1.59112,0.06758,67.57539,21.89313,0.78075,0.11178,0.92889,0.13571,-1.40238,1.17924,0.37270,-2.14253,-2.57943,-1.30956,0.89133,1.16484,1.35869
19,p19,real,-1,-1,1.21351,1.44779,1.84191,1.66365,0.11360,113.60260,33.48518,0.84959,0.14068,1.00125,1.11403,0.47588,1.07548,0.55324,0.63896,1.16483,0.33996,-3.09816,-1.71131,2.02664
20,p20,real,-1,-1,1.49943,0.39524,1.87037,1.69594,0.09795,97.94679,27.99841,0.84357,0.13064,1.00025,1.34196,-0.54713,1.51685,0.33172,-1.77947,-0.07352,1.26391,-0.71546,0.50850,1.43182
21,p21,real,-1,-1,-0.28561,0.70002,1.69265,1.52199,0.08400,84.00336,29.31974,0.74197,0.11850,0.88252,-0.27150,0.47209,1.51938,-0.79963,-0.97447,-1.63224,-1.38453,-0.93060,-1.08258,2.58997
22,p22,real,-1,-1,1.11589,0.24893,1.83219,1.65803,0.09136,91.35923,27.21523,0.84797,0.13006,1.00072,0.71086,-1.08903,1.08623,1.68621,-0.59908,-0.11585,-0.24078,-2.08066,-1.43699,3.51966
23,p23,real,-1,-1,-0.60106,0.59352,1.66125,1.49518,0.07903,79.02516,28.63496,0.77257,0.12884,0.91317,-1.03482,-0.05819,1.42626,1.96885,-3.05813,2.52583,-1.59326,0.20893,-1.12636,4.53547
24,p24,real,-1,-1,0.41010,-0.69838,1.76211,1.59343,0.06960,69.60404,22.41647,0.80993,0.11565,0.95771,0.00251,-1.32404,0.84367,0.82372,-2.34867,0.21707,1.72930,-0.18067,-1.93288,3.32245
25,p25,real,-1,-1,-1.94026,-0.68484,1.52794,1.37085,0.05115,51.15147,21.91024,0.70446,0.11089,0.83200,-2.13373,-0.23436,-0.20001,0.33574,-2.08050,0.83640,1.66430,-0.12627,-1.93541,1.73002
26,p26,real,-1,-1,-2.69394,-1.27769,1.45308,1.29573,0.04022,40.21789,19.04760,0.67570,0.10028,0.79746,-2.94437,-0.02905,-1.35753,0.00527,-3.10867,1.57058,2.94319,-0.41222,-2.02883,6.44039
27,b27,real,-1,-1,0.42532,0.66058,1.76343,1.59060,0.09022,90.22158,29.01293,0.74892,0.13113,0.89470,0.22823,-1.23492,3.17489,-0.39216,0.55342,-3.33723,0.76229,-2.34265,-0.06580,1.59269
28,p27,real,-1,-1,0.04636,0.08781,1.72571,1.55827,0.07810,78.10085,26.22541,0.76044,0.11542,0.90496,-0.13102,-0.39778,2.20903,-0.36392,-3.26842,-0.93347,-1.08409,-0.00699,-0.81390,1.10918
29,p28,real,-1,-1,-1.52128,-0.42937,1.56963,1.40939,0.05713,57.13147,23.18894,0.68960,0.11256,0.81915,-1.77884,-0.88957,1.83244,-0.75394,-0.83116,-0.62136,-0.10317,-0.56438,-1.80763,0.69314
30,p29,real,-1,-1,-0.74850,-0.65733,1.64668,1.48195,0.06043,60.42668,22.28496,0.73154,0.11323,0.86746,-0.95475,-0.92666,1.01452,-1.01680,-0.54729,-0.36063,1.80757,-0.93404,-1.13012,1.78808
31,p30,real,-1,-1,-0.25934,0.45028,1.69527,1.53102,0.08044,80.44432,27.99098,0.76068,0.12963,0.90356,-0.43617,-0.36787,1.71107,0.96229,-1.89402,-0.05570,-0.15680,0.47614,0.49293,0.29787
32,p31,real,-1,-1,-0.95537,-0.03682,1.62618,1.46351,0.06716,67.15606,25.39506,0.72137,0.11001,0.85912,-0.87808,0.42788,0.39180,0.03632,-3.14609,-2.09203,0.28618,1.09265,-0.61677,1.50206
33,b33,real,-1,-1,0.95796,0.88909,1.81646,1.64217,0.10038,100.38352,30.42344,0.83934,0.13449,0.99026,0.74294,-0.17665,1.10193,1.16485,0.27498,0.44197,-0.68338,-1.55118,-1.61744,2.03245
34,b34,real,-1,-1,-0.51867,-0.38680,1.66952,1.50352,0.06593,65.92570,23.65221,0.74349,0.12108,0.88211,-0.65916,-0.70453,0.65535,-0.68397,0.03980,-0.06283,1.96126,-0.61061,0.88223,2.42649
35,p32,real,-1,-1,0.32752,-0.25600,1.75403,1.58679,0.07488,74.87845,24.33789,0.75386,0.12158,0.89975,-0.01445,-1.90165,3.24758,-0.20220,-1.97114,-2.56175,0.21515,-1.41111,0.20906,-0.15899
36,p33,real,-1,-1,-0.41472,2.82287,1.68010,1.50704,0.11908,119.08163,42.18652,0.72895,0.14559,0.86940,-0.09180,2.12593,2.09679,0.01092,1.02426,-1.15469,-0.30136,-0.22896,-0.75112,0.72274
37,p34,real,-1,-1,-0.65375,-0.30848,1.65600,1.49467,0.06615,66.15316,24.12286,0.78818,0.12234,0.92815,-0.96006,-0.59940,-0.65021,2.79325,-1.90754,0.12257,-0.22622,-0.38762,-0.94823,2.36524
38,p35,real,-1,-1,-0.52115,0.74113,1.66920,1.50020,0.08226,82.26057,29.52385,0.77107,0.13350,0.91363,-0.81486,0.17564,0.34343,2.47083,-2.74076,1.06945,1.98807,-0.55168,-0.22902,6.96237
39,p36,real,-1,-1,0.08528,0.41753,1.72958,1.56215,0.08325,83.24862,27.82888,0.79775,0.12357,0.94326,-0.05508,0.19846,0.63763,1.16320,-2.62352,0.32866,-1.07763,-0.28268,-0.73018,1.69509
40,p37,real,-1,-1,-6.04585,-1.12841,1.11984,0.97648,0.02416,24.16136,19.26674,0.47444,0.08212,0.56592,-5.91127,0.99554,-0.86868,-2.20146,-0.20494,-2.23330,-1.86468,0.79964,-2.86161,3.07240
41,p38,real,-1,-1,-0.33297,0.30689,1.68794,1.52071,0.07757,77.56683,27.22467,0.73712,0.11966,0.87978,-0.39898,-0.16341,1.55092,0.11426,-2.05158,-2.07163,0.24645,0.59259,0.10805,2.64066
42,p39,real,-1,-1,-0.97647,0.27188,1.62387,1.45841,0.07087,70.86876,26.87518,0.72422,0.11820,0.85989,-1.10827,-0.08481,1.06732,0.30592,-1.24586,-1.29675,1.07492,-0.75311,-2.52862,2.56335
43,p40,real,-1,-1,0.02490,0.09648,1.72357,1.55440,0.07771,77.70838,26.15838,0.75879,0.12128,0.90274,-0.10561,-0.43534,1.60961,-0.62266,-1.25773,-0.61673,0.69768,-0.22405,0.26943,2.34905
44,p41,real,-1,-1,1.07629,-0.23313,1.82829,1.65684,0.08291,82.90611,24.80266,0.83894,0.12449,0.99218,0.67247,-1.40915,1.20476,1.39092,-1.51812,-0.45561,-0.41820,-0.90252,-0.37381,2.79792
45,p42,real,-1,-1,-0.34051,0.07392,1.68719,1.51538,0.07393,73.92613,25.96993,0.74352,0.12198,0.88484,-0.71499,-0.99051,1.72714,0.25713,-0.67115,-0.86607,2.44267,-0.97529,-1.82331,6.68200
46,p43,real,-1,-1,-6.27644,-1.72647,1.09705,0.96126,0.01936,19.36102,16.08716,0.48352,0.08289,0.57367,-6.19237,0.68463,-1.22786,-1.77742,-1.98141,-0.10464,-0.03596,1.83265,-2.25866,-0.42702
47,p44,real,-1,-1,-1.01578,-0.59053,1.61996,1.45830,0.05915,59.15347,22.54098,0.73559,0.11575,0.87110,-1.18935,-0.34206,0.31310,-0.33079,-1.90116,1.34725,1.09327,0.50077,0.60962,2.26692
48,grid_h00_g00,grid,0,0,-6.74051,-2.35861,1.05061,0.91932,0.01545,15.45298,14.00000,0.46488,0.08984,0.54969,-6.89755,-0.73757,-1.31500,-0.96064,-0.25485,-0.28364,0.01293,0.21448,0.06685,-0.17067
49,grid_h00_g01,grid,0,1,-6.74051,-1.54838,1.05036,0.91752,0.01954,19.54349,17.71429,0.45916,0.09798,0.54444,-6.80118,-0.07955,-0.94130,-0.71885,-0.14562,-0.28863,0.04269,0.16230,0.08798,-0.16215
50,grid_h00_g02,grid,0,2,-6.74051,-0.84098,1.05015,0.91594,0.02363,23.63156,21.42857,0.45420,0.10510,0.53985,-6.71704,0.49496,-0.61503,-0.50776,-0.05026,-0.29298,0.06867,0.11674,0.10643,-0.15472
51,grid_h00_g03,grid,0,3,-6.74051,-0.20580,1.05006,0.91452,0.02772,27.72324,25.14286,0.44977,0.11149,0.53573,-6.64149,1.01082,-0.32206,-0.31821,0.03538,-0.29689,0.09200,0.07583,0.12299,-0.14804
52,grid_h00_g04,grid,0,4,-6.74051,0.37419,1.05000,0.91323,0.03182,31.81500,28.85714,0.44575,0.11733,0.53197,-6.57250,1.48185,-0.05455,-0.14513,0.11357,-0.30046,0.11330,0.03848,0.13812,-0.14194
53,grid_h00_g05,grid,0,5,-6.74051,0.91092,1.05000,0.91204,0.03591,35.91000,32.57143,0.44205,0.12274,0.52849,-6.50866,1.91775,0.19300,0.01503,0.18592,-0.30376,0.13301,0.00391,0.15211,-0.13630
54,grid_h00_g06,grid,0,6,-6.74051,1.41194,1.05000,0.91092,0.04001,40.00500,36.28571,0.43860,0.12779,0.52524,-6.44907,2.32465,0.42409,0.16455,0.25347,-0.30684,0.15141,-0.02835,0.16518,-0.13104
55,grid_h00_g07,grid,0,7,-6.74051,1.88312,1.05000,0.90987,0.04410,44.10000,40.00000,0.43538,0.13254,0.52218,-6.39302,2.70732,0.64141,0.30515,0.31699,-0.30974,0.16872,-0.05870,0.17747,-0.12608
56,grid_h01_g00,grid,1,0,-5.73609,-2.34983,1.15060,1.01480,0.01853,18.53431,14.00000,0.51548,0.09113,0.60897,-5.91050,-0.90596,-1.27710,-0.91975,-0.26307,-0.23927,-0.00159,0.20459,0.04796,-0.14884
57,grid_h01_g01,grid,1,1,-5.73609,-1.51281,1.15034,1.01294,0.02344,23.44111,17.71429,0.50955,0.09955,0.60354,-5.81094,-0.22618,-0.89104,-0.66997,-0.15023,-0.24442,0.02916,0.15069,0.06978,-0.14004
58,grid_h01_g02,grid,1,2,-5.73609,-0.78023,1.15012,1.01130,0.02835,28.34510,21.42857,0.50439,0.10692,0.59879,-5.72380,0.36878,-0.55316,-0.45136,-0.05147,-0.24893,0.05606,0.10350,0.08889,-0.13234
59,grid_h01_g03,grid,1,3,-5.73609,-0.12135,1.15003,1.00983,0.03325,33.25327,25.14286,0.49978,0.11355,0.59452,-5.64543,0.90388,-0.24926,-0.25474,0.03735,-0.25298,0.08026,0.06107,0.10607,-0.12541
60,grid_h01_g04,grid,1,4,-5.73609,0.48126,1.15000,1.00849,0.03816,38.16357,28.85714,0.49558,0.11963,0.59061,-5.57376,1.39328,0.02868,-0.07492,0.11859,-0.25669,0.10240,0.02226,0.12178,-0.11908
61,grid_h01_g05,grid,1,5,-5.73609,1.03924,1.15000,1.00725,0.04308,43.07571,32.57143,0.49171,0.12525,0.58699,-5.50739,1.84643,0.28603,0.09159,0.19382,-0.26012,0.12289,-0.01368,0.13633,-0.11322
62,grid_h01_g06,grid,1,6,-5.73609,1.56052,1.15000,1.00608,0.04799,47.98786,36.28571,0.48811,0.13050,0.58361,-5.44539,2.26978,0.52646,0.24715,0.26409,-0.26333,0.14203,-0.04725,0.14993,-0.10774
63,grid_h01_g07,grid,1,7,-5.73609,2.05108,1.15000,1.00499,0.05290,52.90000,40.00000,0.48473,0.13545,0.58043,-5.38704,2.66819,0.75272,0.39354,0.33023,-0.26635,0.16005,-0.07884,0.16272,-0.10258
64,grid_h02_g00,grid,2,0,-4.73168,-2.37022,1.25060,1.11035,0.02190,21.89589,14.00000,0.56639,0.09215,0.66843,-4.92691,-1.09805,-1.25266,-0.88757,-0.27523,-0.19471,-0.01717,0.19658,0.02830,-0.12731
65,grid_h02_g01,grid,2,1,-4.73168,-1.50672,1.25033,1.10842,0.02769,27.69327,17.71429,0.56026,0.10084,0.66283,-4.82421,-0.39677,-0.85439,-0.62989,-0.15882,-0.20003,0.01455,0.14097,0.05081,-0.11824
66,grid_h02_g02,grid,2,2,-4.73168,-0.74940,1.25010,1.10673,0.03349,33.48747,21.42857,0.55491,0.10846,0.65792,-4.73413,0.21828,-0.50509,-0.40390,-0.05672,-0.20469,0.04236,0.09219,0.07056,-0.11028
67,grid_h02_g03,grid,2,3,-4.73168,-0.06738,1.25001,1.10521,0.03929,39.28608,25.14286,0.55011,0.11533,0.65350,-4.65301,0.77217,-0.19053,-0.20037,0.03522,-0.20888,0.06741,0.04827,0.08835,-0.10311
68,grid_h02_g04,grid,2,4,-4.73168,0.55727,1.25000,1.10382,0.04509,45.08929,28.85714,0.54574,0.12163,0.64945,-4.57871,1.27948,0.09758,-0.01397,0.11944,-0.21273,0.09035,0.00804,0.10464,-0.09655
69,grid_h02_g05,grid,2,5,-4.73168,1.13595,1.25000,1.10253,0.05089,50.89286,32.57143,0.54171,0.12746,0.64569,-4.50988,1.74945,0.36449,0.15872,0.19745,-0.21629,0.11161,-0.02923,0.11973,-0.09046
70,grid_h02_g06,grid,2,6,-4.73168,1.67694,1.25000,1.10132,0.05670,56.69643,36.28571,0.53795,0.13292,0.64219,-4.44553,2.18881,0.61401,0.32016,0.27038,-0.21962,0.13148,-0.06407,0.13383,-0.08478
71,grid_h02_g07,grid,2,7,-4.73168,2.18635,1.25000,1.10019,0.06250,62.50000,40.00000,0.53443,0.13805,0.63888,-4.38494,2.60252,0.84896,0.47217,0.33906,-0.22275,0.15019,-0.09688,0.14712,-0.07942
72,grid_h03_g00,grid,3,0,-3.72727,-2.41499,1.35063,1.20594,0.02554,25.53876,14.00000,0.61756,0.09295,0.72806,-3.94623,-1.30994,-1.23946,-0.86266,-0.29067,-0.15001,-0.03365,0.19014,0.00800,-0.10605
73,grid_h03_g01,grid,3,1,-3.72727,-1.52544,1.35033,1.20396,0.03230,32.30000,17.71429,0.61122,0.10190,0.72229,-3.84042,-0.58750,-0.82918,-0.59721,-0.17075,-0.15548,-0.00098,0.13285,0.03120,-0.09670
74,grid_h03_g02,grid,3,2,-3.72727,-0.74381,1.35009,1.20222,0.03906,39.05870,21.42857,0.60569,0.10977,0.71722,-3.74745,0.04730,-0.46867,-0.36396,-0.06537,-0.16029,0.02773,0.08251,0.05158,-0.08848
75,grid_h03_g03,grid,3,3,-3.72727,-0.03902,1.35000,1.20065,0.04582,45.82286,25.14286,0.60071,0.11687,0.71265,-3.66362,0.61968,-0.14360,-0.15364,0.02964,-0.16463,0.05362,0.03712,0.06996,-0.08107
76,grid_h03_g04,grid,3,4,-3.72727,0.60703,1.35000,1.19921,0.05259,52.59214,28.85714,0.59618,0.12338,0.70846,-3.58678,1.14437,0.15438,0.03915,0.11674,-0.16860,0.07735,-0.00449,0.08681,-0.07428
77,grid_h03_g05,grid,3,5,-3.72727,1.20592,1.35000,1.19787,0.05936,59.36143,32.57143,0.59199,0.12942,0.70457,-3.51554,1.63075,0.43061,0.21786,0.19748,-0.17229,0.09934,-0.04306,0.10243,-0.06799
78,grid_h03_g06,grid,3,6,-3.72727,1.76613,1.35000,1.19662,0.06613,66.13071,36.28571,0.58809,0.13507,0.70094,-3.44891,2.08572,0.68899,0.38504,0.27300,-0.17574,0.11992,-0.07914,0.11703,-0.06210
79,grid_h03_g07,grid,3,7,-3.72727,2.29390,1.35000,1.19545,0.07290,72.90000,40.00000,0.58442,0.14039,0.69752,-3.38614,2.51433,0.93241,0.54253,0.34415,-0.17898,0.13930,-0.11313,0.13080,-0.05656
80,grid_h04_g00,grid,4,0,-2.72286,-2.48009,1.45078,1.30159,0.02947,29.46663,14.00000,0.66893,0.09356,0.78781,-2.96796,-1.53834,-1.23564,-0.84383,-0.30885,-0.10518,-0.05087,0.18501,-0.01282,-0.08499
81,grid_h04_g01,grid,4,1,-2.72286,-1.56535,1.45033,1.29955,0.03726,37.26132,17.71429,0.66240,0.10277,0.78188,-2.85916,-0.79544,-0.81374,-0.57085,-0.18553,-0.11081,-0.01728,0.12609,0.01103,-0.07538
82,grid_h04_g02,grid,4,2,-2.72286,-0.75979,1.45008,1.29775,0.04506,45.05882,21.42857,0.65668,0.11088,0.77666,-2.76334,-0.14121,-0.44219,-0.33046,-0.07693,-0.11577,0.01231,0.07421,0.03204,-0.06691
83,grid_h04_g03,grid,4,3,-2.72286,-0.03268,1.45000,1.29613,0.05286,52.86286,25.14286,0.65154,0.11820,0.77194,-2.67686,0.44930,-0.10683,-0.11349,0.02109,-0.12024,0.03902,0.02738,0.05100,-0.05927
84,grid_h04_g04,grid,4,4,-2.72286,0.63428,1.45000,1.29464,0.06067,60.67214,28.85714,0.64684,0.12493,0.76761,-2.59753,0.99096,0.20079,0.08554,0.11101,-0.12434,0.06351,-0.01557,0.06839,-0.05226
85,grid_h04_g05,grid,4,5,-2.72286,1.25291,1.45000,1.29326,0.06848,68.48143,32.57143,0.64250,0.13116,0.76360,-2.52394,1.49338,0.48613,0.27015,0.19441,-0.12815,0.08623,-0.05541,0.08452,-0.04576
86,grid_h04_g06,grid,4,6,-2.72286,1.83188,1.45000,1.29197,0.07629,76.29071,36.28571,0.63846,0.13700,0.75985,-2.45508,1.96358,0.75316,0.44292,0.27246,-0.13171,0.10750,-0.09270,0.09962,-0.03967
87,grid_h04_g07,grid,4,7,-2.72286,2.37755,1.45000,1.29076,0.08410,84.10000,40.00000,0.63465,0.14251,0.75631,-2.39018,2.40674,1.00484,0.60576,0.34602,-0.13507,0.12754,-0.12784,0.11385,-0.03394
88,grid_h05_g00,grid,5,0,-1.71845,-2.56327,1.55094,1.39727,0.03368,33.67577,14.00000,0.72048,0.09402,0.84769,-1.99185,-1.78142,-1.24016,-0.83038,-0.32947,-0.06024,-0.06876,0.18104,-0.03412,-0.06413
89,grid_h05_g01,grid,5,1,-1.71845,-1.62310,1.55043,1.39517,0.04258,42.58220,17.71429,0.71375,0.10348,0.84159,-1.88002,-1.01787,-0.80653,-0.54982,-0.20272,-0.06603,-0.03423,0.12049,-0.00960,-0.05425
90,grid_h05_g02,grid,5,2,-1.71845,-0.79447,1.55009,1.39333,0.05149,51.48786,21.42857,0.70786,0.11182,0.83621,-1.78146,-0.34491,-0.42434,-0.30255,-0.09101,-0.07112,-0.00380,0.06712,0.01201,-0.04554
91,grid_h05_g03,grid,5,3,-1.71845,-0.04550,1.55000,1.39166,0.06041,60.40571,25.14286,0.70255,0.11936,0.83136,-1.69237,0.26336,-0.07889,-0.07905,0.00996,-0.07573,0.02371,0.01888,0.03154,-0.03767
92,grid_h05_g04,grid,5,4,-1.71845,0.64194,1.55000,1.39012,0.06933,69.32929,28.85714,0.69770,0.12629,0.82690,-1.61061,0.82166,0.23817,0.12609,0.10263,-0.07996,0.04896,-0.02539,0.04946,-0.03044
93,grid_h05_g05,grid,5,5,-1.71845,1.27990,1.55000,1.38870,0.07825,78.25286,32.57143,0.69321,0.13272,0.82276,-1.53473,1.33977,0.53242,0.31647,0.18864,-0.08389,0.07239,-0.06648,0.06610,-0.02374
94,grid_h05_g06,grid,5,6,-1.71845,1.87720,1.55000,1.38737,0.08718,87.17643,36.28571,0.68903,0.13874,0.81889,-1.46368,1.82486,0.80791,0.49471,0.26916,-0.08756,0.09433,-0.10494,0.08168,-0.01746
95,grid_h05_g07,grid,5,7,-1.71845,2.44034,1.55000,1.38611,0.09610,96.10000,40.00000,0.68509,0.14442,0.81523,-1.39670,2.28221,1.06765,0.66276,0.34508,-0.09103,0.11501,-0.14121,0.09636,-0.01154
96,grid_h06_g00,grid,6,0,-0.71403,-2.66223,1.65111,1.49299,0.03817,38.16620,14.00000,0.77218,0.09434,0.90766,-1.01761,-2.03732,-1.25196,-0.82165,-0.35222,-0.01520,-0.08723,0.17809,-0.05583,-0.04343
97,grid_h06_g01,grid,6,1,-0.71403,-1.69665,1.65059,1.49084,0.04826,48.26136,17.71429,0.76526,0.10404,0.90140,-0.90276,-1.25313,-0.80660,-0.53350,-0.22204,-0.02114,-0.05177,0.11590,-0.03065,-0.03328
98,grid_h06_g02,grid,6,2,-0.71403,-0.84537,1.65012,1.48894,0.05835,58.34808,21.42857,0.75919,0.11261,0.89588,-0.80150,-0.56178,-0.41397,-0.27947,-0.10728,-0.02638,-0.02050,0.06107,-0.00845,-0.02434
99,grid_h06_g03,grid,6,3,-0.71403,-0.07513,1.65000,1.48722,0.06845,68.45143,25.14286,0.75372,0.12037,0.89088,-0.70989,0.06377,-0.05871,-0.04962,-0.00344,-0.03112,0.00779,0.01147,0.01164,-0.01624
100,grid_h06_g04,grid,6,4,-0.71403,0.63239,1.65000,1.48564,0.07856,78.56357,28.85714,0.74872,0.12749,0.88629,-0.62573,0.63837,0.26761,0.16151,0.09194,-0.03548,0.03377,-0.03410,0.03009,-0.00881
101,grid_h06_g05,grid,6,5,-0.71403,1.28926,1.65000,1.48418,0.08868,88.67571,32.57143,0.74409,0.13411,0.88203,-0.54760,1.17184,0.57058,0.35753,0.18050,-0.03952,0.05790,-0.07640,0.04722,-0.00190
102,grid_h06_g06,grid,6,6,-0.71403,1.90450,1.65000,1.48281,0.09879,98.78786,36.28571,0.73977,0.14032,0.87804,-0.47442,1.67151,0.85435,0.54113,0.26344,-0.04330,0.08049,-0.11603,0.06326,0.00456
103,grid_h06_g07,grid,6,7,-0.71403,2.48533,1.65008,1.48151,0.10891,108.91067,40.00000,0.73570,0.14617,0.87427,-0.40534,2.14322,1.12225,0.71445,0.34174,-0.04688,0.10183,-0.15344,0.07841,0.01067
104,grid_h07_g00,grid,7,0,0.29038,-2.77512,1.75128,1.58874,0.04294,42.93794,14.00000,0.82401,0.09454,0.96773,-0.04502,-2.30453,-1.27018,-0.81707,-0.37684,0.02992,-0.10621,0.17603,-0.07790,-0.02288
105,grid_h07_g01,grid,7,1,0.29038,-1.78440,1.75075,1.58653,0.05430,54.29638,17.71429,0.81690,0.10449,0.96130,0.07281,-1.49993,-0.81323,-0.52143,-0.24328,0.02382,-0.06983,0.11223,-0.05206,-0.01247
106,grid_h07_g02,grid,7,2,0.29038,-0.91022,1.75027,1.58458,0.06565,65.64560,21.42857,0.81066,0.11328,0.95563,0.17679,-0.78997,-0.41003,-0.26056,-0.12543,0.01844,-0.03772,0.05593,-0.02927,-0.00328
107,grid_h07_g03,grid,7,3,0.29038,-0.11967,1.75000,1.58282,0.07700,77.00000,25.14286,0.80504,0.12124,0.95050,0.27082,-0.14794,-0.04541,-0.02465,-0.01885,0.01358,-0.00868,0.00501,-0.00865,0.00503
108,grid_h07_g04,grid,7,4,0.29038,0.60755,1.75000,1.58120,0.08837,88.37500,28.85714,0.79989,0.12856,0.94579,0.35732,0.44267,0.29000,0.19236,0.07919,0.00911,0.01803,-0.04182,0.01031,0.01267
109,grid_h07_g05,grid,7,5,0.29038,1.28297,1.75000,1.57969,0.09975,99.75000,32.57143,0.79512,0.13537,0.94141,0.43766,0.99120,0.60153,0.39392,0.17024,0.00495,0.04283,-0.08532,0.02793,0.01977
110,grid_h07_g06,grid,7,6,0.29038,1.91577,1.75000,1.57828,0.11112,111.12500,36.28571,0.79066,0.14174,0.93730,0.51293,1.50513,0.89340,0.58275,0.25555,0.00106,0.06607,-0.12608,0.04443,0.02642
111,grid_h07_g07,grid,7,7,0.29038,2.51407,1.75019,1.57695,0.12253,122.52629,40.00000,0.78646,0.14777,0.93342,0.58409,1.99103,1.16935,0.76129,0.33621,-0.00262,0.08805,-0.16461,0.06003,0.03271
112,grid_h08_g00,grid,8,0,1.29479,-2.90039,1.85147,1.68452,0.04799,47.99103,14.00000,0.87595,0.09464,1.02787,0.92608,-2.58180,-1.29411,-0.81619,-0.40314,0.07512,-0.12565,0.17478,-0.10029,-0.00246
113,grid_h08_g01,grid,8,1,1.29479,-1.88483,1.85092,1.68225,0.06069,60.68729,17.71429,0.86866,0.10483,1.02128,1.04688,-1.75702,-0.82571,-0.51313,-0.26622,0.06887,-0.08835,0.10937,-0.07381,0.00821
114,grid_h08_g02,grid,8,2,1.29479,-0.98801,1.85044,1.68025,0.07337,73.37433,21.42857,0.86225,0.11384,1.01547,1.15355,-1.02868,-0.41207,-0.24551,-0.14532,0.06335,-0.05541,0.05161,-0.05042,0.01764
115,grid_h08_g03,grid,8,3,1.29479,-0.17702,1.85009,1.67844,0.08606,86.06023,25.14286,0.85648,0.12200,1.01021,1.25001,-0.37004,-0.03802,-0.00350,-0.03599,0.05836,-0.02563,-0.00062,-0.02927,0.02616
116,grid_h08_g04,grid,8,4,1.29479,0.56901,1.85000,1.67678,0.09876,98.76357,28.85714,0.85118,0.12950,1.00537,1.33875,0.23584,0.30608,0.21913,0.06459,0.05377,0.00178,-0.04867,-0.00982,0.03400
117,grid_h08_g05,grid,8,5,1.29479,1.26263,1.85000,1.67523,0.11148,111.47571,32.57143,0.84627,0.13649,1.00087,1.42125,0.79915,0.62599,0.42611,0.15809,0.04950,0.02725,-0.09334,0.00827,0.04129
118,grid_h08_g06,grid,8,6,1.29479,1.91311,1.85007,1.67378,0.12420,124.19699,36.28571,0.84169,0.14304,0.99665,1.49862,1.32743,0.92601,0.62022,0.24579,0.04550,0.05114,-0.13523,0.02523,0.04813
119,grid_h08_g07,grid,8,7,1.29479,2.52801,1.85029,1.67241,0.13694,136.94283,40.00000,0.83736,0.14924,0.99266,1.57176,1.82682,1.20962,0.80372,0.32868,0.04172,0.07373,-0.17483,0.04127,0.05459
120,grid_h09_g00,grid,9,0,2.29920,-3.03679,1.95166,1.78032,0.05333,53.32546,14.00000,0.92800,0.09464,1.08809,1.89587,-2.86810,-1.32318,-0.81862,-0.43093,0.12039,-0.14549,0.17423,-0.12297,0.01784
121,grid_h09_g01,grid,9,1,2.29920,-1.99665,1.95109,1.77800,0.06743,67.43411,17.71429,0.92053,0.10507,1.08134,2.01959,-2.02336,-0.84344,-0.50823,-0.29071,0.11399,-0.10729,0.10725,-0.09585,0.02877
122,grid_h09_g02,grid,9,2,2.29920,-1.07752,1.95062,1.77595,0.08153,81.53358,21.42857,0.91395,0.11430,1.07538,2.12891,-1.27690,-0.41951,-0.23395,-0.16679,0.10833,-0.07353,0.04805,-0.07188,0.03843
123,grid_h09_g03,grid,9,3,2.29920,-0.24604,1.95026,1.77410,0.09563,95.63115,25.14286,0.90802,0.12265,1.06999,2.22781,-0.60162,-0.03600,0.01417,-0.05470,0.10322,-0.04299,-0.00550,-0.05020,0.04717
124,grid_h09_g04,grid,9,4,2.29920,0.51812,1.95000,1.77239,0.10973,109.72935,28.85714,0.90259,0.13034,1.06503,2.31871,0.01898,0.31645,0.24221,0.04832,0.09851,-0.01493,-0.05472,-0.03027,0.05520
125,grid_h09_g05,grid,9,5,2.29920,1.22959,1.95000,1.77081,0.12385,123.85287,32.57143,0.89755,0.13750,1.06042,2.40333,0.59680,0.64460,0.45452,0.14424,0.09414,0.01120,-0.10054,-0.01172,0.06268
126,grid_h09_g06,grid,9,6,2.29920,1.89755,1.95016,1.76932,0.13800,137.99894,36.28571,0.89283,0.14422,1.05609,2.48278,1.13927,0.95268,0.65385,0.23428,0.09003,0.03574,-0.14356,0.00570,0.06970
127,grid_h09_g07,grid,9,7,2.29920,2.52854,1.95039,1.76791,0.15216,152.16025,40.00000,0.88838,0.15058,1.05199,2.55783,1.65172,1.24371,0.84214,0.31935,0.08614,0.05891,-0.18419,0.02215,0.07633
